{
  "className": "Model",
  "properties": {
    "Attributes": {},
    "LevelOfDetail": "Automatic",
    "ModelMeshCFrame": {
      "CFrame": {
        "orientation": [
          [
            -0.07475301623344421,
            0.5980202555656433,
            -0.7979477047920227
          ],
          [
            0.5978361368179321,
            0.666261613368988,
            0.44368776679039
          ],
          [
            0.7980456352233887,
            -0.4434656500816345,
            -0.4073517918586731
          ]
        ],
        "position": [
          113.4038314819336,
          17.72770118713379,
          -7.686115264892578
        ]
      }
    },
    "ModelMeshSize": {
      "Vector3": [
        0.0,
        0.0,
        0.0
      ]
    },
    "ModelStreamingMode": {
      "Enum": 0
    },
    "NeedsPivotMigration": {
      "Bool": false
    },
    "Sandboxed": {
      "Bool": false
    },
    "Scale": {
      "Float32": 1.0
    },
    "SourceAssetId": {
      "Int64": -1
    },
    "Tags": {
      "Tags": []
    }
  },
  "ignoreUnknownInstances": true
}