{
  "className": "Model",
  "properties": {
    "Attributes": {},
    "LevelOfDetail": "Automatic",
    "ModelMeshCFrame": {
      "CFrame": {
        "orientation": [
          [
            -0.9985818862915039,
            -0.01079373899847269,
            0.04971612989902496
          ],
          [
            0.044440869241952896,
            0.2802276611328125,
            0.9584083557128906
          ],
          [
            -0.024528928101062775,
            0.9587699174880981,
            -0.28092798590660095
          ]
        ],
        "position": [
          -237.58645629882812,
          136.09979248046875,
          276.6986083984375
        ]
      }
    },
    "ModelMeshSize": {
      "Vector3": [
        0.0,
        0.0,
        0.0
      ]
    },
    "ModelStreamingMode": {
      "Enum": 0
    },
    "NeedsPivotMigration": {
      "Bool": false
    },
    "Sandboxed": {
      "Bool": false
    },
    "Scale": {
      "Float32": 13.0
    },
    "SourceAssetId": {
      "Int64": -1
    },
    "Tags": {
      "Tags": []
    }
  },
  "ignoreUnknownInstances": true
}